id,total_count,last_drawn_time
20260001,1,2026-05-21 16:32:13
20260002,1,2026-05-21 16:32:09
20260003,1,2026-04-17 17:33:44
20260004,1,2026-04-17 17:33:47
20260005,1,2026-05-21 16:32:28
20260006,2,2026-05-21 16:32:30
20260007,1,2026-05-21 16:32:11
20260008,1,2026-04-17 17:28:51
20260009,1,2026-05-21 16:32:27
20260010,1,2026-05-21 16:32:23
20260011,1,2026-05-21 14:39:22
20260012,1,2026-05-21 14:53:36
20260013,1,2026-04-17 17:48:35
20260014,1,2026-05-21 14:53:32
20260015,1,2026-05-21 14:53:36
20260016,1,2026-04-17 17:33:49
20260017,1,2026-05-21 14:53:32
20260018,1,2026-04-17 17:36:29
20260019,1,2026-05-21 16:32:29
20260020,1,2026-04-17 17:36:28
20260021,1,2026-05-21 16:32:16
20260022,1,2026-05-21 16:32:13
20260023,1,2026-05-21 14:07:55
20260024,1,2026-05-21 16:32:29
20260025,1,2026-04-17 17:48:36
20260026,1,2026-04-17 17:36:25
20260027,1,2026-05-21 16:32:29
20260028,1,2026-05-21 16:32:28
20260029,1,2026-05-21 14:07:57
20260030,1,2026-05-21 16:32:29
20260031,1,2026-05-21 16:32:28
20260032,1,2026-05-21 16:32:28
20260033,1,2026-05-21 16:32:29
20260034,1,2026-04-17 17:36:26
20260035,1,2026-05-21 16:32:16
20260036,1,2026-05-21 16:32:28
20260037,2,2026-05-21 16:32:30
20260038,2,2026-05-21 16:32:30
20260039,1,2026-05-21 14:53:32
20260040,1,2026-05-21 16:32:16
20260041,1,2026-04-17 17:36:18
20260042,1,2026-05-21 14:07:46
20260043,1,2026-05-21 16:32:11
20260044,1,2026-05-21 14:53:36
20260045,1,2026-05-21 16:32:27
20260046,1,2026-04-17 17:33:40
20260047,1,2026-05-21 16:32:11
20260048,1,2026-04-17 17:33:30
20260049,1,2026-05-21 16:32:13
20260050,1,2026-04-17 17:28:46
